"","","","","063e29a2-1c82-3adc-b34e-942e44d98ad2","",""
"","","","","069c7024-1d55-3d8c-9cbf-94d941d29632","",""
"","","","","14de5d2d-9e5e-4930-8e47-bf82dc3908fb","",""
"","","","","15cf95c2-bbe6-37cc-8a61-c5d5116b267a","",""
"","","","","19e7ecfa-145d-366d-80db-3b12452cccda","",""
"","","","","41e5f615-30f3-481f-b9d6-ed582cadbc3d","",""
"","","","","55ef32fe-13ec-353d-b768-48216b3fd821","",""
"","","","","6446c4bf-35f7-4c78-b54e-01bc9662d6d7","",""
"","","","","6c514dd9-f7c1-422b-8fcf-cb0aa04ac234","",""
"","","","","76d9b085-c4e7-4105-9bd5-1e33ba024419","",""
"","","","","83675dbd-ec66-4d0a-93a8-cd386c8236c1","",""
"","","","","9a6df4ef-920e-4d31-ab8a-8772ef7485c5","",""
"","","","","c34816ed-2b11-4e65-8e27-4bffc2d2b270","",""
"","","","","d6902661-c151-4425-b034-c047149a638f","",""
"","","","","dbb0bd27-50d3-4c5a-bfba-989a5926d944","",""
"","","","","e260e38f-66e1-4da9-8b74-b5030ef62d58","",""
"","","","","ee8cb9d3-86f5-4061-a671-66e887b1ff28","",""
"","","","","fec5638d-18f1-34da-b629-35f01a1e1f17","",""