"Queens of the Stone Age",87
"Alter Bridge",41
"Arctic Monkeys",37
"Various Artists",28
"Slash",25
"Tarja",22
"The White Stripes",21
"Pearl Jam",20
"Black Sabbath",19
"Kasabian",19
"Gorillaz",18
"Kyuss",17
"The Pretty Reckless",17
"Them Crooked Vultures",15
"Metallica",14
"Led Zeppelin",13
"The Aviators",13
"Jimi Hendrix",13
"Johnny Cash",12
"Deep Purple",12
"Black Rebel Motorcycle Club",12
"Kaiser Chiefs",12
"The Prodigy",11
"Stream of Passion",11
"Wolfmother",11
"Radiohead",11
"Xandria",11
"Motörhead",10
"Within Temptation",10
"Frankie Chavez",9
"Eagles Of Death Metal",9
"Halestorm",9
"Audioslave",9
"Nightwish",9
"The Black Keys",9
"Red Fang",8
"Jake Bugg",8
"Peter Tosh",8
"The Strokes",8
"PJ Harvey",8
"Velvet Revolver",8
"Bob Marley & The Wailers",8
"Tomahawk",7
"Gogol Bordello",7
"The Clash",7
"Stone Dead",7
"Ghost",7
"The Who",7
"Mastodon",7
"The Raconteurs",7
"Thirty Seconds To Mars",7
"System Of A Down",7
"Ramones",6
"The Cure",6
"Franz Ferdinand",6
"Van Halen",6
"Eminem",6
"Sia",6
"Royal Blood",5
"Rage Against The Machine",5
"Paramore",5
"Neil Young",5
"Epica",5
"Pixies",5
"Dead Sara",4
"The BellRays",4
"The Libertines",4
"Jack White",4
"The Dead Weather",4
"Megadeth",4
"Foo Fighters",4
"Cage The Elephant",4
"The Kinks",4
"Iggy Pop",4
"Run–D.M.C.",4
"Da Weasel",4
"Blondie",4
"Fu Manchu",4
"Dropkick Murphys",4
"Sting",4
"Miss Lava",4
"Fatboy Slim",4
"The Hives",4
"The Mayfield Four",4
"MGMT",3
"KISS",3
"Gary Clark Jr.",3
"The Sword",3
"Uncle Acid & The Deadbeats",3
"The Darkness",3
"Stoned Jesus",3
"Judas Priest",3
"Alice In Chains",3
"Ice Cube",3
"Truckfighters",3
"Alpine Fault",3
"Evanescence",3
"Spiders",3
"Fear Factory",3
"Interpol",3
"Twisted Sister",3
"Janis Joplin",3
"Faith No More",3
"Capicua",3
"Iron Maiden",2
"The Vaccines",2
"Bloc Party",2
"Skrillex",2
"The Rolling Stones",2
"LL Cool J",2
"Public Enemy",2
"N.W.A.",2
"Biffy Clyro",2
"The Animals",2
"The Beatles",2
"Lou Reed",2
"Blue Öyster Cult",2
"5-30",2
"R.E.M.",2
"The Chemical Brothers",2
"Dr. Dre",2
"Daft Punk",2
"The Stooges",2
"Midnattsol",2
"Rise Against",2
"ZZ Top",2
"Desert Sessions",2
"Andrew Lloyd Webber",2
"Michael Nyman",2
"The Doors",2
"Kadavar",2
"Ava Inferi",2
"Amor Electro",2
"Graveyard",2
"Sleep",2
"Soundgarden",2
"Jet",2
"Nirvana",2
"The Fratellis",2
"Red Hot Chili Peppers",2
"The Smashing Pumpkins",2
"Kavinsky",2
"Electric Wizard",2
"The Easybeats",2
"Garbage",2
"George Thorogood & The Destroyers",1
"Big Daddy Kane",1
"Brant Bjork",1
"Childish Gambino",1
"White Lies",1
"Eric B. & Rakim",1
"Kendrick Lamar",1
"Danzig",1
"Hole",1
"Migos",1
"Boogie Down Productions",1
"Chamillionaire",1
"The Game",1
"Muddy Waters",1
"All Too Much",1
"Salt-N-Pepa",1
"Witchcraft",1
"Orange Goblin",1
"Foals",1
"Transplants",1
"The Walkmen",1
"Doug E. Fresh",1
"Muse",1
"The Notorious B.I.G.",1
"Arcade Fire",1
"Tom Jones",1
"JAY Z",1
"Wu-Tang Clan",1
"Noah And The Whale",1
"Snoop Dogg",1
"Alicia Keys",1
"Patrice",1
"John Garcia",1
"Rakim",1
"Heaven & Hell",1
"Sam The Kid",1
"Colour Haze",1
"Grandmaster Flash & The Furious Five",1
"The Sugarhill Gang",1
"Afrika Bambaataa",1
"Dio",1
"The Chief Rocker Busy Bee",1
"Bongzilla",1
"Black Flag",1
"Brian Crain",1
"Naughty By Nature",1
"2Pac",1
"John Lee Hooker",1
"OMNIA",1
"Evi Vine",1
"Brandi Carlile",1
"Kandia",1
"Bebe",1
"Alcest",1
"Madredeus",1
"Marilyn Manson",1
"Kurtis Blow",1
"Too $hort",1
"Metal Church",1
"Alabama Shakes",1
"The Kills",1
"Blues Pills",1
"Slick Rick",1
"Band Of Skulls",1
"Dirty Pretty Things",1
"Jeff Zavac featuring The Craetts",1
"Lynyrd Skynyrd",1
"INXS",1
"Two Door Cinema Club",1
"Tremonti",1
"ReVamp",1
"Therion",1
"Ozzy Osbourne",1
"Pantera",1
"The Dandy Warhols",1
"Editors",1
"Blur",1
"Justice",1
"Mark Knopfler",1
"O Bisonte",1
"The Killers",1
"The Kooks",1
"Placebo",1
"Joy Division",1
"Hawkwind",1
"The Monkees",1
"The Turtles",1
"Small Faces",1
"T. Rex",1
"Queen",1
"Weedeater",1
"Melvins",1
"Chris Cornell",1
"The Cult",1
"Thin Lizzy",1
"Sex Pistols",1
"Slayer",1
"Guano Apes",1
"Monster Magnet",1
"Acid King",1
"Anthrax",1
